,c,theta,A1,n_star,w
716,100.0,0.8,,0.06134799553879165,
7078,100.0,0.8,,0.06134799553879165,
8821,100.0,0.8,,0.06134799553879165,
12454,100.0,0.8,,0.06134799553879165,
12778,100.0,0.8,,0.06134799553879165,
15589,100.0,0.8,,0.06134799553879165,
